Unidade,Valor unitário,Imposto_por_Unidade
Amazonas Shopping,204568,10228.400000000001
Avenida,222698,11134.900000000001
Cidade Nova,216060,10803.0
Eduardo Gomes,259071,12953.550000000001
Matriz,176390,8819.5
Nova cidade,213504,10675.2
